genotype,grp,bicolor,outlier,NA,NA,NA,NA,NA,NA,NA,NA,NA,NA
145,PI_613536,PI_613536,0,0,0,-9,0.107125,0.359363,0.05085,1e-05,0.482652,5,FALSE
19,PI_534097,PI_534097,0,0,0,-9,1e-05,0.012856,0.144185,0.842939,1e-05,4,TRUE
254,PI_656079,PI_656079,0,0,0,-9,0.99996,1e-05,1e-05,1e-05,1e-05,1,FALSE
257,PI_656082,PI_656082,0,0,0,-9,1e-05,0.888535,0.111435,1e-05,1e-05,2,FALSE
305,PI_533845,PI_533845,0,0,0,-9,0.311657,0.039491,1e-05,0.529364,0.119477,4,TRUE
